{
    "bins": {
        "0": {
            "latency_us": [
                0.453,
                5.956718,
                78.32779,
                1029.97032,
                2132.046636,
                4413.353248,
                9135.675817
            ],
            "iat_us": [
                12.7675,
                18.055972,
                25.535,
                35779.344149,
                61854.626224,
                106933.060857,
                184863.771754
            ]
        },
        "1": {
            "latency_us": [
                0.446,
                3.771086,
                31.885849,
                269.606,
                458.994266,
                781.4208,
                1330.340076
            ],
            "iat_us": [
                11.5375,
                16.316489,
                23.075,
                10720.383783,
                31620.1586,
                93264.798179,
                275087.885844
            ]
        },
        "2": {
            "latency_us": [
                0.48,
                6.281799,
                82.210424,
                1075.89456,
                1791.860718,
                2984.274624,
                4970.1938
            ],
            "iat_us": [
                11.4685,
                16.218908,
                22.937,
                1884.568389,
                21181.440352,
                238066.932523,
                2675732.311825
            ]
        },
        "3": {
            "latency_us": [
                0.459,
                10.190766,
                226.256472,
                5023.37006,
                8064.749758,
                12947.520864,
                20786.546583
            ],
            "iat_us": [
                11.6545,
                16.481952,
                23.309,
                28112.733417,
                81640.320056,
                237086.225664,
                688506.345409
            ]
        },
        "4": {
            "latency_us": [
                0.449,
                11.968985,
                319.057044,
                8505.09827,
                16668.48231,
                32667.265408,
                64022.039284
            ],
            "iat_us": [
                11.3375,
                16.033646,
                22.675,
                33552.027767,
                922081.474832,
                25340770.820791,
                696418573.975651
            ]
        },
        "5": {
            "latency_us": [
                0.446,
                9.09601,
                185.509875,
                3783.40748,
                6436.980059,
                10951.691696,
                18632.891496
            ],
            "iat_us": [
                11.2375,
                15.892225,
                22.475,
                14244.187442,
                53054.591504,
                197609.705083,
                736026.693187
            ]
        },
        "6": {
            "latency_us": [
                0.446,
                19.031798,
                812.128574,
                34655.30754,
                49084.355532,
                69521.067016,
                98466.786549
            ],
            "iat_us": [
                10.548,
                14.917125,
                21.096,
                861.309777,
                3773.843112,
                16535.156364,
                72449.062632
            ]
        },
        "7": {
            "latency_us": [
                0.451,
                16.290465,
                588.424038,
                21254.326,
                30111.639318,
                42660.06,
                60437.782878
            ],
            "iat_us": [
                10.7375,
                15.185118,
                21.475,
                8067.78157,
                267929.478104,
                8897886.564942,
                295497105.74154
            ]
        },
        "8": {
            "latency_us": [
                0.49479,
                0.50392,
                0.513219,
                0.52269,
                0.739371,
                1.045876,
                1.479443
            ],
            "iat_us": [
                37731.58721,
                53360.522362,
                75463.17442,
                30521777.40122,
                51755843.751524,
                87762495.847477,
                148819053.445567
            ]
        },
        "16": {
            "latency_us": [
                0.49548,
                0.505246,
                0.515205,
                0.52536,
                0.743333,
                1.051744,
                1.488115
            ],
            "iat_us": [
                37731.58721,
                53360.522362,
                75463.17442,
                30521777.40122,
                51755843.751524,
                87762495.847477,
                148819053.445567
            ]
        },
        "24": {
            "latency_us": [
                0.49748,
                0.507132,
                0.51697,
                0.527,
                0.745291,
                1.054,
                1.490581
            ],
            "iat_us": [
                37731.58721,
                53360.522362,
                75463.17442,
                30521777.40122,
                51755843.751524,
                87762495.847477,
                148819053.445567
            ]
        }
    }
}